"","x"
"1","AARS1"
"2","ABAT"
"3","ABCB7"
"4","ABL1"
"5","ACACB"
"6","ACADL"
"7","ACADM"
"8","ACADS"
"9","ACADSB"
"10","ACADVL"
"11","ACAT1"
"12","ACAT2"
"13","ACO1"
"14","ACO2"
"15","ADH5"
"16","PARP1"
"17","ADSS2"
"18","AGXT"
"19","AK2"
"20","AK4"
"21","AKT1"
"22","ALAS1"
"23","ALAS2"
"24","ABCD1"
"25","ALDH2"
"26","ALDH1B1"
"27","ALPL"
"28","AMT"
"29","ANK2"
"30","SLC25A4"
"31","SLC25A5"
"32","SLC25A6"
"33","ANXA1"
"34","ANXA6"
"35","NUDT2"
"36","APEX1"
"37","AQP8"
"38","ARAF"
"39","ARG1"
"40","ARG2"
"41","ARL2"
"42","ARSB"
"43","ASS1"
"44","ATP2A1"
"45","ATP5F1A"
"46","ALDH7A1"
"47","ATP5F1B"
"48","ATP5F1C"
"49","ATP5F1D"
"50","ATP5F1E"
"51","ATP5PB"
"52","ATP5MC1"
"53","ATP5MC2"
"54","ATP5MC3"
"55","ATP5ME"
"56","ATP5PF"
"57","ATP5PO"
"58","ATP7B"
"59","AUH"
"60","BAD"
"61","BAK1"
"62","BAX"
"63","BCAT1"
"64","BCAT2"
"65","BCKDHA"
"66","BCKDHB"
"67","BCL2"
"68","BCL2A1"
"69","BCL2L1"
"70","BCL2L2"
"71","BCS1L"
"72","BDH1"
"73","BDNF"
"74","BID"
"75","BIK"
"76","BNIP1"
"77","BNIP3"
"78","BNIP3L"
"79","BOK"
"80","BPHL"
"81","BSG"
"82","BTD"
"83","TSPO"
"84","C1QBP"
"85","MRPL49"
"86","CFAP410"
"87","CA5A"
"88","SLC25A20"
"89","CALM1"
"90","CALM3"
"91","CAMK2A"
"92","CAPN1"
"93","CAPN2"
"94","CASP1"
"95","CASP2"
"96","CASP4"
"97","CASP8"
"98","CASP9"
"99","CASQ1"
"100","CAT"
"101","KYAT1"
"102","CCNB1"
"103","CDK1"
"104","CDC25C"
"105","CIDEA"
"106","CKB"
"107","CKMT1B"
"108","CKMT2"
"109","CLU"
"110","CLIC1"
"111","CCR7"
"112","CNP"
"113","CNR1"
"114","COX4I1"
"115","COX5B"
"116","COX6A1"
"117","COX6A2"
"118","COX6B1"
"119","COX6C"
"120","COX7A1"
"121","COX7A2"
"122","COX7A2P2"
"123","COX7B"
"124","COX7C"
"125","COX8A"
"126","COX10"
"127","COX11"
"128","COX15"
"129","CPOX"
"130","CPS1"
"131","CPT1A"
"132","CPT1B"
"133","CPT2"
"134","CRAT"
"135","CREB1"
"136","ATF2"
"137","CRY1"
"138","CRY2"
"139","CRYAB"
"140","CS"
"141","MAPK14"
"142","SLC25A10"
"143","CYB5A"
"144","CYC1"
"145","CYP1A1"
"146","CYP1B1"
"147","CYP2D7"
"148","CYP2D6"
"149","CYP2E1"
"150","CYP11A1"
"151","CYP11B1"
"152","CYP11B2"
"153","CYP24A1"
"154","CYP27A1"
"155","CYP27B1"
"156","DAO"
"157","DBT"
"158","ECI1"
"159","DCK"
"160","DDX1"
"161","DDX6"
"162","DECR1"
"163","TIMM8A"
"164","DGUOK"
"165","DHFR"
"166","DHODH"
"167","CYB5R3"
"168","DLAT"
"169","DLD"
"170","DLST"
"171","SARDH"
"172","DMPK"
"173","DNA2"
"174","DTYMK"
"175","DUT"
"176","ECH1"
"177","ECHS1"
"178","ELK1"
"179","ELK3"
"180","MARK2"
"181","ENDOG"
"182","STOM"
"183","EPHA4"
"184","CLN8"
"185","ERBB4"
"186","ERN1"
"187","ESR2"
"188","ETFA"
"189","ETFB"
"190","ETFDH"
"191","EYA2"
"192","ACSL1"
"193","ACSL3"
"194","ACSL4"
"195","FANCG"
"196","FDX1"
"197","FDXR"
"198","FECH"
"199","FEN1"
"200","FGR"
"201","FH"
"202","FHIT"
"203","FKBP4"
"204","FOXO1"
"205","FOXO3"
"206","FPGS"
"207","FXN"
"208","MTOR"
"209","FYN"
"210","IFI6"
"211","GARS1"
"212","GATM"
"213","NIPSNAP2"
"214","GCDH"
"215","GCK"
"216","GCKR"
"217","BLOC1S1"
"218","GCSH"
"219","GFER"
"220","GHR"
"221","GJA1"
"222","GK"
"223","GK2"
"224","GCLC"
"225","GLDC"
"226","GLS"
"227","GLUD1"
"228","GLUD2"
"229","GLUL"
"230","GNRH1"
"231","GOT2"
"232","GPD2"
"233","GPER1"
"234","GPS2"
"235","GPX1"
"236","GPX4"
"237","NR3C1"
"238","GRSF1"
"239","GSK3A"
"240","GSK3B"
"241","GSR"
"242","GSTP1"
"243","GSTZ1"
"244","GZMB"
"245","HSD17B10"
"246","HAGH"
"247","HADHA"
"248","HADHB"
"249","HADH"
"250","HARS1"
"251","HCCS"
"252","HCLS1"
"253","HIVEP1"
"254","HK1"
"255","HK2"
"256","HK3"
"257","HLCS"
"258","HMGCL"
"259","HMGCS2"
"260","HMOX1"
"261","NR4A1"
"262","HSD3B1"
"263","HSD3B2"
"264","DNAJA1"
"265","HSPA1A"
"266","HSPA1B"
"267","HSPA4"
"268","HSPA5"
"269","HSPA9"
"270","HSP90AA1"
"271","HSP90AB1"
"272","HSPD1"
"273","HSPE1"
"274","MRPL58"
"275","IDE"
"276","IDH1"
"277","IDH2"
"278","IDH3A"
"279","IDH3B"
"280","IDH3G"
"281","IFI27"
"282","IFIT3"
"283","FOXK2"
"284","ILF3"
"285","IREB2"
"286","IRF3"
"287","IVD"
"288","JARID2"
"289","KARS1"
"290","KCNJ8"
"291","KCNJ11"
"292","KRAS"
"293","LDHB"
"294","LETM1"
"295","LGALS3"
"296","LIG1"
"297","LIG3"
"298","FADS1"
"299","PRICKLE3"
"300","LYN"
"301","NBR1"
"302","MXD1"
"303","MAOA"
"304","MAOB"
"305","MAPT"
"306","MCL1"
"307","SMCP"
"308","MDH2"
"309","ME1"
"310","ME2"
"311","MGST1"
"312","MIPEP"
"313","ATXN3"
"314","MMP2"
"315","ALDH6A1"
"316","MPG"
"317","MPST"
"318","MPV17"
"319","MSRA"
"320","MT3"
"321","ATP6"
"322","ATP8"
"323","COX1"
"324","COX2"
"325","COX3"
"326","CYTB"
"327","NUDT1"
"328","MTHFD1"
"329","MTIF2"
"330","ND1"
"331","ND2"
"332","ND3"
"333","ND4"
"334","ND4L"
"335","ND5"
"336","ND6"
"337","MTX1"
"338","MMUT"
"339","MUTYH"
"340","MYOC"
"341","NCBP1"
"342","NDUFA1"
"343","NDUFA2"
"344","NDUFA3"
"345","NDUFA4"
"346","NDUFA5"
"347","NDUFA6"
"348","NDUFA7"
"349","NDUFA8"
"350","NDUFA9"
"351","NDUFA10"
"352","NDUFAB1"
"353","NDUFB1"
"354","NDUFB2"
"355","NDUFB3"
"356","NDUFB4"
"357","NDUFB5"
"358","NDUFB6"
"359","NDUFB7"
"360","NDUFB8"
"361","NDUFB9"
"362","NDUFB10"
"363","NDUFC1"
"364","NDUFC2"
"365","NDUFS1"
"366","NDUFS2"
"367","NDUFS3"
"368","NDUFV1"
"369","NDUFS4"
"370","NDUFS5"
"371","NDUFS6"
"372","NDUFS8"
"373","NDUFV2"
"374","NDUFV3"
"375","NFKB1"
"376","NIT1"
"377","NME1"
"378","NME2"
"379","NME4"
"380","NMT1"
"381","NOS1"
"382","SLC11A2"
"383","NRDC"
"384","NRGN"
"385","NTHL1"
"386","NTSR1"
"387","OAS1"
"388","OAT"
"389","OGDH"
"390","OGG1"
"391","OPA1"
"392","OTC"
"393","OXA1L"
"394","OXCT1"
"395","P2RY1"
"396","P4HA1"
"397","PRKN"
"398","PC"
"399","PCCA"
"400","PCCB"
"401","PCK1"
"402","PCK2"
"403","PDE2A"
"404","PDHA1"
"405","PDHA2"
"406","PDHB"
"407","PDK1"
"408","PDK2"
"409","PDK3"
"410","PDK4"
"411","GATB"
"412","PFDN2"
"413","PFDN4"
"414","PGR"
"415","PHB"
"416","SLC25A3"
"417","PHYH"
"418","PI4KB"
"419","PIN1"
"420","PIN4"
"421","PKM"
"422","PLA2G2A"
"423","PLA2G4A"
"424","PLEC"
"425","PLN"
"426","PMAIP1"
"427","SEPTIN4"
"428","POLG"
"429","POLRMT"
"430","PON2"
"431","POR"
"432","POU5F1"
"433","POU5F1B"
"434","PPOX"
"435","PPP1CC"
"436","PPP2CA"
"437","PPP2R1A"
"438","PPP2R2B"
"439","PPP3CA"
"440","PPP6C"
"441","PRKACA"
"442","PRKCA"
"443","PRKCD"
"444","PRKCE"
"445","MAPK1"
"446","MAPK3"
"447","MAPK8"
"448","MAPK9"
"449","MAPK10"
"450","MAP2K1"
"451","MAP2K2"
"452","PRODH"
"453","KLK6"
"454","PSEN1"
"455","PSEN2"
"456","PSMB4"
"457","PTEN"
"458","PTPN1"
"459","PTPN11"
"460","PTS"
"461","ABCD3"
"462","PXMP2"
"463","PYCR1"
"464","ALDH18A1"
"465","QARS1"
"466","RAC2"
"467","RAD51"
"468","RAD51C"
"469","RAF1"
"470","RALA"
"471","RANBP2"
"472","RAP1GDS1"
"473","RGS2"
"474","RMRP"
"475","RNASEL"
"476","RNF5"
"477","ABCE1"
"478","MRPL23"
"479","MRPL12"
"480","MRPS12"
"481","RPS3"
"482","RPS6KB1"
"483","RPS27A"
"484","RXRA"
"485","S100A1"
"486","ACSM3"
"487","MAPK12"
"488","SCO1"
"489","SCP2"
"490","SDHA"
"491","SDHB"
"492","SDHC"
"493","SDHD"
"494","SGK1"
"495","SHC1"
"496","SHMT2"
"497","SLC8A1"
"498","SLC8A3"
"499","SLC9A1"
"500","SLC25A1"
"501","SLC22A4"
"502","SLIT3"
"503","SNCA"
"504","SOD1"
"505","SOD2"
"506","SORD"
"507","SOX4"
"508","SOX10"
"509","SPG7"
"510","SRC"
"511","SRI"
"512","SSBP1"
"513","STAR"
"514","STAT3"
"515","HSPA13"
"516","STK11"
"517","STXBP1"
"518","SUOX"
"519","SUPV3L1"
"520","ABCC8"
"521","SURF1"
"522","VAMP1"
"523","TAT"
"524","TAFAZZIN"
"525","DYNLT1"
"526","TMBIM6"
"527","TERT"
"528","TFAM"
"529","TFAP2C"
"530","TFAP4"
"531","TGM2"
"532","TH"
"533","THOP1"
"534","TK2"
"535","TNFRSF1A"
"536","TOP3A"
"537","TP53"
"538","TRAF3"
"539","HSP90B2P"
"540","TST"
"541","TUFM"
"542","TXNRD1"
"543","TYMS"
"544","UBA52"
"545","UBB"
"546","UBC"
"547","UBA1"
"548","UCP1"
"549","UCP2"
"550","UCP3"
"551","UNG"
"552","UQCRB"
"553","UQCRC1"
"554","UQCRC2"
"555","UQCRFS1"
"556","UQCRH"
"557","UROS"
"558","VDAC1"
"559","VDAC2"
"560","VDAC3"
"561","VHL"
"562","TRPV1"
"563","VRK2"
"564","XPC"
"565","XRCC3"
"566","ZNF205"
"567","ZNF217"
"568","DAP3"
"569","ALDH5A1"
"570","HSD17B8"
"571","MTERF1"
"572","TUSC3"
"573","SLC25A16"
"574","PDHX"
"575","AKAP1"
"576","CLPP"
"577","GATD3"
"578","PNPLA4"
"579","SNN"
"580","FZD9"
"581","PLA2G6"
"582","SLC25A11"
"583","ULK1"
"584","BBOX1"
"585","GNPAT"
"586","OGT"
"587","PARG"
"588","NIPSNAP1"
"589","LIPF"
"590","HAT1"
"591","AGPS"
"592","AP3B1"
"593","DEGS1"
"594","KMO"
"595","SLC25A12"
"596","PLA2G4C"
"597","RNASET2"
"598","DYNLL1"
"599","ALDH4A1"
"600","BECN1"
"601","S1PR4"
"602","URI1"
"603","GBF1"
"604","GPAA1"
"605","RIPK1"
"606","HRK"
"607","CDS2"
"608","SNAP23"
"609","NAPG"
"610","PEX11B"
"611","SUCLG2"
"612","SUCLG1"
"613","SUCLA2"
"614","NRP1"
"615","TMEM11"
"616","CCN6"
"617","ALKBH1"
"618","SQSTM1"
"619","CPNE3"
"620","RAB29"
"621","WASF1"
"622","KYNU"
"623","NOL3"
"624","HAP1"
"625","SLC25A14"
"626","HIP1R"
"627","NFS1"
"628","DNAJA3"
"629","AIFM1"
"630","FIBP"
"631","COX7A2L"
"632","MYOM2"
"633","DDX21"
"634","TBRG4"
"635","TSPOAP1"
"636","GTF3C4"
"637","LONP1"
"638","COX5A"
"639","ABCG2"
"640","AIM2"
"641","SH3BP5"
"642","MAPK8IP1"
"643","SLC25A27"
"644","PGS1"
"645","PAGE4"
"646","PMPCB"
"647","BAG5"
"648","ATP5MF"
"649","MRPL33"
"650","ATP5MJ"
"651","H6PD"
"652","PRDX6"
"653","MTRF1"
"654","ABCG1"
"655","FEZ1"
"656","IKBKE"
"657","MTFR1"
"658","SLC25A44"
"659","PRORP"
"660","NOS1AP"
"661","RAB11FIP3"
"662","SNPH"
"663","ATG13"
"664","DLGAP5"
"665","MRPL19"
"666","TOMM20"
"667","DELE1"
"668","ARMCX2"
"669","TRIM14"
"670","TOMM70"
"671","MFN2"
"672","EXOG"
"673","AMMECR1"
"674","USP15"
"675","CASP8AP2"
"676","SCO2"
"677","BCL2L10"
"678","BCL2L11"
"679","ABCB6"
"680","DNM1L"
"681","COX17"
"682","CERT1"
"683","TSFM"
"684","PPIF"
"685","LRPPRC"
"686","TRAP1"
"687","BCAP31"
"688","AASS"
"689","SLC25A13"
"690","SLC25A15"
"691","NME6"
"692","DHRS2"
"693","COQ7"
"694","MRPS31"
"695","TIMM17B"
"696","RIDA"
"697","GLYAT"
"698","AKAP8"
"699","BCKDK"
"700","WARS2"
"701","MICU1"
"702","RACK1"
"703","PEMT"
"704","TIMM17A"
"705","ACAA2"
"706","TOMM40"
"707","ECI2"
"708","HAX1"
"709","TIMM44"
"710","ATP5PD"
"711","VAT1"
"712","PITRM1"
"713","OLFM4"
"714","MRPL28"
"715","TXNRD2"
"716","MTHFS"
"717","TXNIP"
"718","PDPN"
"719","ATP5MG"
"720","PRELID3A"
"721","MTX2"
"722","YKT6"
"723","FARS2"
"724","YME1L1"
"725","ZBTB6"
"726","MTHFD2"
"727","CLPX"
"728","POLR1G"
"729","PGRMC1"
"730","ADAM28"
"731","ME3"
"732","MRPS30"
"733","PPARGC1A"
"734","JTB"
"735","DHRS4"
"736","BRD8"
"737","FASTK"
"738","RALBP1"
"739","PRDX3"
"740","AFG3L2"
"741","STARD3"
"742","TOMM34"
"743","ACOT2"
"744","UQCR11"
"745","RAB32"
"746","IMMT"
"747","SDS"
"748","SLC27A3"
"749","LIAS"
"750","TDRKH"
"751","DEPP1"
"752","TRIM31"
"753","TPPP"
"754","HIBADH"
"755","CAPN10"
"756","PLAAT3"
"757","NUDT6"
"758","ABCB8"
"759","AKAP10"
"760","MRPL3"
"761","POLG2"
"762","CA5B"
"763","SP140"
"764","PNKP"
"765","PARK7"
"766","GPN1"
"767","PHB2"
"768","ACOT7"
"769","TUSC2"
"770","PPM1E"
"771","FASTKD2"
"772","MLXIP"
"773","TRAK1"
"774","DHX30"
"775","MSRB2"
"776","VWA8"
"777","KIF1B"
"778","SARM1"
"779","MRPS27"
"780","SPART"
"781","GRAMD4"
"782","LPIN1"
"783","DIP2A"
"784","PMPCA"
"785","SYNE2"
"786","VPS13A"
"787","PACS2"
"788","AGTPBP1"
"789","ACSL6"
"790","NCSTN"
"791","LARS2"
"792","SIRT5"
"793","SIRT4"
"794","SIRT3"
"795","SIRT1"
"796","MLYCD"
"797","TDRD7"
"798","HARS2"
"799","SLC44A1"
"800","ABCB10"
"801","GCAT"
"802","ETHE1"
"803","ISCU"
"804","NNT"
"805","DDAH2"
"806","ARL2BP"
"807","CASP14"
"808","PDSS1"
"809","HEBP2"
"810","ACOT9"
"811","AMACR"
"812","PPP1R15A"
"813","RAB38"
"814","GABARAPL1"
"815","PISD"
"816","MAFF"
"817","FKBP8"
"818","BCL2L13"
"819","MTCH1"
"820","MTCH2"
"821","FBXO7"
"822","SAMM50"
"823","NOCT"
"824","MTO1"
"825","PRDX5"
"826","TXN2"
"827","SULT4A1"
"828","MPC2"
"829","LETMD1"
"830","TMEM186"
"831","MTHFD1L"
"832","C1orf43"
"833","NDUFAF3"
"834","CLIC4"
"835","NIPSNAP3A"
"836","PNKD"
"837","KANK2"
"838","NUDT13"
"839","PARS2"
"840","NGDN"
"841","HIGD1A"
"842","REXO2"
"843","PTCD1"
"844","ACOT11"
"845","RAB11FIP5"
"846","POLDIP2"
"847","KIFBP"
"848","MTG2"
"849","STAP1"
"850","FBXL4"
"851","HIBCH"
"852","SACS"
"853","ERAL1"
"854","MYCBP"
"855","FAM162A"
"856","TIMM10B"
"857","TIMM13"
"858","TIMM10"
"859","TIMM9"
"860","TIMM8B"
"861","MRPL46"
"862","TRUB2"
"863","ACAD8"
"864","PPA2"
"865","GHITM"
"866","UQCRQ"
"867","DMAC2L"
"868","BBC3"
"869","GLS2"
"870","PRELID1"
"871","DISC1"
"872","COQ2"
"873","NFU1"
"874","MMADHC"
"875","DIMT1"
"876","APEX2"
"877","RPS6KA6"
"878","MCAT"
"879","HTRA2"
"880","HDHD5"
"881","MRPS28"
"882","COA3"
"883","DCPS"
"884","GIT1"
"885","MRPS18B"
"886","ACAD9"
"887","MRPL42"
"888","TMEM14A"
"889","FLVCR1"
"890","MRPL13"
"891","MRPL18"
"892","NDUFAF4"
"893","GTPBP8"
"894","MRPL15"
"895","TIMM21"
"896","MRPL22"
"897","DNAJC15"
"898","PYCARD"
"899","UQCR10"
"900","ZDHHC8"
"901","UBIAD1"
"902","PYCR2"
"903","TIMM22"
"904","NENF"
"905","SLC25A24"
"906","DMGDH"
"907","MRM2"
"908","RHOD"
"909","STOML2"
"910","RRM2B"
"911","G0S2"
"912","NOX4"
"913","PNPLA8"
"914","DCAF8"
"915","AK3"
"916","MTERF3"
"917","COQ6"
"918","PRELID3B"
"919","MRPS16"
"920","GLRX2"
"921","MRPS18C"
"922","FIS1"
"923","PAM16"
"924","BOLA1"
"925","GLOD4"
"926","YARS2"
"927","MRPL2"
"928","MRPL4"
"929","TMX2"
"930","NDUFA13"
"931","MRPS7"
"932","TRNT1"
"933","SCCPDH"
"934","ABHD5"
"935","SH3GLB1"
"936","MECR"
"937","NDUFAF1"
"938","TFB1M"
"939","APH1A"
"940","METTL9"
"941","LACTB2"
"942","MRPS2"
"943","COQ4"
"944","CHCHD2"
"945","AADAT"
"946","TACO1"
"947","ACP6"
"948","GLRX5"
"949","COX16"
"950","MTRES1"
"951","MRPL37"
"952","MRPL51"
"953","MRPL30"
"954","MRPL27"
"955","CEND1"
"956","COA4"
"957","ECSIT"
"958","TIMMDC1"
"959","ARMCX1"
"960","SLC25A37"
"961","MRPL35"
"962","NGRN"
"963","MRPS17"
"964","NOL7"
"965","HEMK1"
"966","TRIAP1"
"967","CWC15"
"968","TMEM14C"
"969","MTFP1"
"970","ARMCX3"
"971","CYRIB"
"972","PCF11"
"973","LIPT1"
"974","METTL13"
"975","SLC25A39"
"976","MRPL48"
"977","MRPS23"
"978","MRPS33"
"979","PTRH2"
"980","CDK5RAP1"
"981","STYXL1"
"982","MPC1"
"983","ACSL5"
"984","CYB5R1"
"985","WWOX"
"986","ARID4B"
"987","HIGD1B"
"988","TMEM8B"
"989","COQ3"
"990","NUDT9"
"991","ZFYVE1"
"992","MRPL39"
"993","CYCS"
"994","GDAP1"
"995","MRPS21"
"996","ARMCX6"
"997","MIEF1"
"998","MTRF1L"
"999","MRPL50"
"1000","NDUFB11"
"1001","DDIT4"
"1002","TOMM7"
"1003","NDFIP2"
"1004","CRLS1"
"1005","PDP1"
"1006","MARCHF5"
"1007","XAF1"
"1008","TRIT1"
"1009","VPS13C"
"1010","TEX10"
"1011","NSUN2"
"1012","TTC19"
"1013","CHCHD3"
"1014","TRMT10C"
"1015","ADPRS"
"1016","SARS2"
"1017","MRPL16"
"1018","SDHAF2"
"1019","TMEM70"
"1020","THG1L"
"1021","SLC25A38"
"1022","SLC35F6"
"1023","PINX1"
"1024","ACSM5"
"1025","OXSM"
"1026","MTARC2"
"1027","AURKAIP1"
"1028","RMND1"
"1029","TRMT61B"
"1030","MCUB"
"1031","STX17"
"1032","C14orf119"
"1033","PTCD3"
"1034","MRPL20"
"1035","PDPR"
"1036","OXR1"
"1037","ARGLU1"
"1038","HEATR1"
"1039","MTPAP"
"1040","MSTO1"
"1041","ARMC1"
"1042","DARS2"
"1043","MRPS18A"
"1044","MRPS10"
"1045","RMDN3"
"1046","MRM3"
"1047","SLC25A36"
"1048","ATAD3A"
"1049","TMLHE"
"1050","EXD2"
"1051","UQCC1"
"1052","TMEM143"
"1053","ECHDC2"
"1054","QRSL1"
"1055","RHOT1"
"1056","FBXW7"
"1057","RFK"
"1058","RSAD1"
"1059","AGPAT5"
"1060","SYNJ2BP"
"1061","NIPSNAP3B"
"1062","ABHD10"
"1063","CHDH"
"1064","HJURP"
"1065","PI4K2A"
"1066","LRRC59"
"1067","NDUFAF7"
"1068","PARL"
"1069","DHTKD1"
"1070","FEM1A"
"1071","ENOSF1"
"1072","FOXRED1"
"1073","AMBRA1"
"1074","MFN1"
"1075","TRMU"
"1076","IARS2"
"1077","DNAJC11"
"1078","VPS35"
"1079","NAXD"
"1080","COA1"
"1081","AGK"
"1082","OGDHL"
"1083","DHX32"
"1084","DDX28"
"1085","ADAP2"
"1086","ADCY10"
"1087","SPATA7"
"1088","PECR"
"1089","CISD1"
"1090","ACOT13"
"1091","TMEM126B"
"1092","ACSS2"
"1093","NDUFA12"
"1094","RAB5IF"
"1095","SLC25A40"
"1096","MTFR1L"
"1097","KYAT3"
"1098","DIABLO"
"1099","ASAH2"
"1100","TWNK"
"1101","TRIM39"
"1102","SPHK2"
"1103","AGPAT4"
"1104","NDUFA4L2"
"1105","SPIRE1"
"1106","STARD7"
"1107","MCCC1"
"1108","CMC2"
"1109","ENY2"
"1110","MRPS22"
"1111","MFF"
"1112","NT5M"
"1113","WDR93"
"1114","TOMM22"
"1115","COQ8A"
"1116","SDHAF3"
"1117","AKR1B10"
"1118","COQ9"
"1119","CIAPIN1"
"1120","RARS2"
"1121","PLSCR3"
"1122","TIGAR"
"1123","PDSS2"
"1124","PLAAT1"
"1125","LYRM4"
"1126","MRPL47"
"1127","ADCK1"
"1128","PAK5"
"1129","SLC44A2"
"1130","SMURF1"
"1131","VARS2"
"1132","MRS2"
"1133","ABHD6"
"1134","NLN"
"1135","AARS2"
"1136","MAVS"
"1137","MTUS1"
"1138","PDP2"
"1139","TRMT5"
"1140","GPAM"
"1141","CCAR2"
"1142","NGB"
"1143","SQOR"
"1144","CREBZF"
"1145","PRODH2"
"1146","MYG1"
"1147","SLC25A19"
"1148","MRPS35"
"1149","NIF3L1"
"1150","CCDC90B"
"1151","FASTKD5"
"1152","ELAC2"
"1153","GUF1"
"1154","FKBP10"
"1155","ABHD4"
"1156","MRPL17"
"1157","NSUN3"
"1158","DUSP21"
"1159","XPNPEP3"
"1160","MRPS14"
"1161","MCUR1"
"1162","TP53AIP1"
"1163","OXCT2"
"1164","PERP"
"1165","GOLPH3"
"1166","MCCC2"
"1167","MOAP1"
"1168","NOD2"
"1169","IFIH1"
"1170","PDF"
"1171","OSGEPL1"
"1172","TFB2M"
"1173","NOC3L"
"1174","HS1BP3"
"1175","HIF3A"
"1176","MRPS25"
"1177","METTL17"
"1178","ACBD3"
"1179","ATPAF1"
"1180","MTARC1"
"1181","P2RY12"
"1182","KLC2"
"1183","ETNPPL"
"1184","METTL4"
"1185","AGXT2"
"1186","MRPL14"
"1187","MRPS26"
"1188","MRPS24"
"1189","MRPS15"
"1190","MRPS11"
"1191","MRPS9"
"1192","MRPS6"
"1193","MRPS5"
"1194","MRPL41"
"1195","MRPL40"
"1196","MRPL38"
"1197","MRPL36"
"1198","MRPL34"
"1199","MRPL32"
"1200","MRPL11"
"1201","MRPL9"
"1202","MRPL1"
"1203","NDRG4"
"1204","PINK1"
"1205","REEP1"
"1206","MRPL44"
"1207","NOL6"
"1208","TMEM135"
"1209","COA7"
"1210","CAPRIN2"
"1211","ANTKMT"
"1212","FUNDC2"
"1213","MRPS34"
"1214","TRAK2"
"1215","MRPL57"
"1216","SECISBP2"
"1217","FASTKD3"
"1218","DCTPP1"
"1219","SLC25A23"
"1220","NDUFAF5"
"1221","APOO"
"1222","CHCHD7"
"1223","HMGN5"
"1224","HAUS3"
"1225","MAIP1"
"1226","ABHD8"
"1227","CHPF"
"1228","CARS2"
"1229","MRPL24"
"1230","MUL1"
"1231","ACSS3"
"1232","NLRX1"
"1233","FASTKD1"
"1234","RTL10"
"1235","QTRT2"
"1236","YRDC"
"1237","LRRK1"
"1238","CCDC51"
"1239","NARS2"
"1240","TEFM"
"1241","ECHDC3"
"1242","SLC25A22"
"1243","SUGCT"
"1244","PTCD2"
"1245","AGMAT"
"1246","FAM124B"
"1247","RBFA"
"1248","MRM1"
"1249","COQ8B"
"1250","L2HGDH"
"1251","C10orf88"
"1252","DGLUCY"
"1253","SLC8B1"
"1254","PANK2"
"1255","PIF1"
"1256","PTGES2"
"1257","MYO19"
"1258","HKDC1"
"1259","OPA3"
"1260","COQ10B"
"1261","ACSF2"
"1262","TARS2"
"1263","NUBPL"
"1264","WDR26"
"1265","GRPEL1"
"1266","MTERF2"
"1267","EFHD1"
"1268","FLAD1"
"1269","SPHKAP"
"1270","PUS1"
"1271","DNAJC5"
"1272","TRAF3IP3"
"1273","COASY"
"1274","ACAD10"
"1275","IQCN"
"1276","TMEM177"
"1277","CYB5B"
"1278","SLC25A32"
"1279","RCC1L"
"1280","CLPB"
"1281","ACSBG2"
"1282","MAP1LC3B"
"1283","ISCA1"
"1284","TMEM14B"
"1285","SFXN3"
"1286","FAHD1"
"1287","QTRT1"
"1288","SLIRP"
"1289","SLC25A28"
"1290","SLC25A31"
"1291","ABHD11"
"1292","CCM2"
"1293","C19orf12"
"1294","ZMIZ2"
"1295","SELENOO"
"1296","PARP9"
"1297","SESN2"
"1298","HSDL1"
"1299","SLC25A18"
"1300","ARMC10"
"1301","ATAD3B"
"1302","BCO2"
"1303","SLC25A2"
"1304","IMMP2L"
"1305","IFI27L2"
"1306","SPNS1"
"1307","PLEKHN1"
"1308","ACAD11"
"1309","TOMM40L"
"1310","USP48"
"1311","TMEM126A"
"1312","RHBDD1"
"1313","TCHP"
"1314","HSDL2"
"1315","ALKBH7"
"1316","CHCHD5"
"1317","CARD19"
"1318","NOA1"
"1319","COQ5"
"1320","SLC25A33"
"1321","DNAJC30"
"1322","UQCC2"
"1323","CHCHD6"
"1324","MRPL45"
"1325","COA8"
"1326","GFM2"
"1327","C15orf48"
"1328","ACSS1"
"1329","MRPL43"
"1330","TNRC18"
"1331","DGAT2"
"1332","HINT2"
"1333","MCEE"
"1334","COX4I2"
"1335","GTPBP3"
"1336","GPT2"
"1337","MGARP"
"1338","USP30"
"1339","MPV17L2"
"1340","PYROXD2"
"1341","RTN4IP1"
"1342","ATP5MK"
"1343","HPDL"
"1344","CBR4"
"1345","RPUSD4"
"1346","AIFM2"
"1347","MIGA2"
"1348","ATAD1"
"1349","CEP89"
"1350","SERAC1"
"1351","ATG4D"
"1352","COX14"
"1353","PHYKPL"
"1354","ATCAY"
"1355","LGALS12"
"1356","CABS1"
"1357","GFM1"
"1358","GTPBP10"
"1359","PNPT1"
"1360","ARHGAP11B"
"1361","SLC25A21"
"1362","CFAP91"
"1363","FATE1"
"1364","RHOT2"
"1365","FAM110B"
"1366","BMF"
"1367","GADD45GIP1"
"1368","STPG1"
"1369","MCU"
"1370","TIMM29"
"1371","LYRM7"
"1372","STARD13"
"1373","COX19"
"1374","DMAC1"
"1375","SLC25A46"
"1376","ATP23"
"1377","RNF185"
"1378","RSAD2"
"1379","MTRFR"
"1380","ATPAF2"
"1381","SMDT1"
"1382","NDUFAF2"
"1383","SLC25A51"
"1384","MTG1"
"1385","MRPS36"
"1386","GLYATL1"
"1387","MRRF"
"1388","LDHAL6B"
"1389","ATXN3L"
"1390","TIMM50"
"1391","MGME1"
"1392","MARS2"
"1393","COQ10A"
"1394","MYL10"
"1395","TRMT10A"
"1396","ATP5IF1"
"1397","FTMT"
"1398","SFXN1"
"1399","SFXN5"
"1400","RDH13"
"1401","FDX2"
"1402","HOGA1"
"1403","MTFR2"
"1404","AZIN2"
"1405","CYP2U1"
"1406","TXNRD3"
"1407","LACTB"
"1408","SLC25A25"
"1409","PTPMT1"
"1410","VASN"
"1411","OMA1"
"1412","SLC25A26"
"1413","MALSU1"
"1414","FAM210B"
"1415","COX20"
"1416","ACSM1"
"1417","TOP1MT"
"1418","MRPL53"
"1419","MRPL54"
"1420","THEM4"
"1421","CHCHD1"
"1422","SFXN2"
"1423","PDZD8"
"1424","SFXN4"
"1425","LRRK2"
"1426","IFI27L1"
"1427","MRPL52"
"1428","ISCA2"
"1429","SLC25A29"
"1430","MTFMT"
"1431","HIGD2B"
"1432","HYKK"
"1433","ACSM2A"
"1434","EARS2"
"1435","MRPL10"
"1436","WDR81"
"1437","MIEF2"
"1438","FAM210A"
"1439","COX6B2"
"1440","MICOS13"
"1441","CPT1C"
"1442","NLRP5"
"1443","NDUFA11"
"1444","PUSL1"
"1445","NAXE"
"1446","MRPL55"
"1447","CMPK2"
"1448","NEU4"
"1449","MTERF4"
"1450","MIX23"
"1451","DNAJC19"
"1452","CHCHD4"
"1453","TAMM41"
"1454","GLYCTK"
"1455","SPATA18"
"1456","SLC9B2"
"1457","PPARGC1B"
"1458","NADK2"
"1459","ATPSCKMT"
"1460","GRPEL2"
"1461","SDHAF4"
"1462","CIBAR1"
"1463","NDUFAF6"
"1464","TMEM71"
"1465","ADHFE1"
"1466","LETM2"
"1467","NACC2"
"1468","APOOL"
"1469","FUNDC1"
"1470","ASB9"
"1471","BRI3BP"
"1472","ROMO1"
"1473","PABPC5"
"1474","ACSM6"
"1475","TRUB1"
"1476","ETFRF1"
"1477","DHRS13"
"1478","SLC25A52"
"1479","TICAM1"
"1480","CREB3L4"
"1481","AIFM3"
"1482","HSCB"
"1483","DUSP18"
"1484","GPAT2"
"1485","PUS10"
"1486","RMDN2"
"1487","CMC1"
"1488","PPM1K"
"1489","SLC25A48"
"1490","PRELID2"
"1491","KHDC3L"
"1492","FMC1"
"1493","GIMAP8"
"1494","TMEM65"
"1495","TDH"
"1496","TRMT10B"
"1497","C11orf65"
"1498","ALDH1L2"
"1499","PPTC7"
"1500","NAGS"
"1501","SPATA5"
"1502","MMAA"
"1503","DHX36"
"1504","COX7B2"
"1505","CLYBL"
"1506","PGAM5"
"1507","HIGD2A"
"1508","METTL15"
"1509","IMMP1L"
"1510","LDHD"
"1511","ACSF3"
"1512","IBA57"
"1513","DHFR2"
"1514","PLD6"
"1515","PDE12"
"1516","PRIMPOL"
"1517","NAIF1"
"1518","SLC25A43"
"1519","MTLN"
"1520","C2orf69"
"1521","ATAD3C"
"1522","MTIF3"
"1523","MRPL21"
"1524","SPATA19"
"1525","GLYATL2"
"1526","ALKBH3"
"1527","MICU2"
"1528","AK9"
"1529","AFG1L"
"1530","SLC25A30"
"1531","MSRB3"
"1532","ETFBKMT"
"1533","METAP1D"
"1534","NUDT8"
"1535","MPV17L"
"1536","PLA2G4F"
"1537","RNF144B"
"1538","GK5"
"1539","BCLAF3"
"1540","C10orf67"
"1541","DAOA"
"1542","ATP5MGL"
"1543","RAB40AL"
"1544","BLOC1S2"
"1545","SLC25A45"
"1546","GATC"
"1547","SIAH3"
"1548","SLC25A47"
"1549","CISD3"
"1550","TMEM102"
"1551","CAVIN1"
"1552","NDUFAF8"
"1553","SLC25A41"
"1554","SLC25A42"
"1555","THEM5"
"1556","SLC25A34"
"1557","TCAIM"
"1558","RPUSD3"
"1559","DOK7"
"1560","COX18"
"1561","MICU3"
"1562","MMAB"
"1563","BRINP3"
"1564","CYP27C1"
"1565","NAT8L"
"1566","STING1"
"1567","ACSM4"
"1568","COX8C"
"1569","IRGM"
"1570","MTX3"
"1571","MACC1"
"1572","MPC1L"
"1573","ACSM2B"
"1574","NMNAT3"
"1575","ANKRD37"
"1576","GSTK1"
"1577","DND1"
"1578","NDUFS7"
"1579","YJEFN3"
"1580","MIGA1"
"1581","ERCC6L2"
"1582","LRRC10"
"1583","SLC27A1"
"1584","NSUN4"
"1585","ARMS2"
"1586","LIPT2"
"1587","TOMM20L"
"1588","COA6"
"1589","BOLA3"
"1590","SMIM20"
"1591","GLYATL3"
"1592","SLC25A35"
"1593","CHCHD10"
"1594","MCCD1"
"1595","TOMM5"
"1596","SLC25A53"
"1597","MIR17"
"1598","MIR29A"
"1599","MIR29B1"
"1600","MIR29C"
"1601","BLID"
"1602","ATP5F1EP2"
"1603","PLIN5"
"1604","UQCRHL"
"1605","MICOS10"
"1606","MTHFD2L"
"1607","AKR1B15"
"1608","COA5"
"1609","CISD2"
"1610","CKMT1A"
"1611","GDF5-AS1"
"1612","DHFRP1"
"1613","HIGD1C"
"1614","C15orf62"
"1615","SDHAF1"
"1616","TMEM14DP"
"1617","TMEM14EP"
"1618","STMP1"
"1619","D2HGDH"
"1620","DNLZ"
"1621","C12orf73"
"1622","FAM72A"
"1623","ACOD1"
"1624","CSKMT"
"1625","UQCC3"
"1626","UQCRFS1P1"
"1627","KIF28P"
"1628","PET100"
"1629","PLA2G4B"
"1630","TOMM6"
"1631","CMC4"
"1632","GLYATL1B"
"1633","TIMM23"
"1634","PET117"
"1635","MTRNR2L5"
"1636","CEBPZOS"
"1637","NDUFC2-KCTD14"
"1638","TIMM23B"
"1639","PYURF"
"1640","PIGBOS1"
"1641","LOC102724023"
"1642","MTCO2P12"
"1643","HTD2"
